id,situation,given,when,then,enforced_by,test_name,status
SP-S1-01,Normal invite,active Organization with an un-lapsed Subscription and an actor holding staff authority,the actor invites a person by email address,"membership is written active immediately, an invitation is written pending, and an audit record naming the actor is written, all in one transaction",module,inviting_writes_an_active_membership_and_a_pending_invitation,approved
SP-S1-02,Invite with a role and Properties at once,same as SP-S1-01 and the form names a role and two Properties,the actor invites,"the membership, the role and both assignments are written together or not at all",module,inviting_with_a_role_and_properties_is_one_transaction,approved
SP-S1-03,Invite somebody already in this Organization,an active or revoked membership already exists for that user and Organization,the actor invites them again,refused: one person has one membership per Organization,database_constraint,a_second_membership_for_one_person_is_unrepresentable,approved
SP-S1-04,Invite into an Organization the actor does not reach,actor holds staff authority in Organization A,the actor invites into Organization B,refused and indistinguishable from the Organization not existing,policy,inviting_into_an_unreached_organization_is_refused,approved
SP-S1-05,Lapsed Subscription,the Organization's Subscription is suspended,the actor invites,refused by the commercial gate before anything is written,policy,a_lapsed_subscription_invites_nobody,approved
SP-S1-06,Invite naming no Property,active Organization and the form names no Property,the actor invites,"membership is active and reaches nothing, which is a normal state and shown as such on the roster",module,a_staff_member_may_reach_no_property,approved
SP-S1-07,Accepting the invitation,a pending invitation exists and the membership is already active,the person sets a password,"they can sign in, the invitation becomes accepted, and the membership is unchanged because it was never waiting",module,accepting_grants_a_password_not_reach,approved
SP-S1-08,Accepting a withdrawn invitation,the membership was revoked before the person accepted,the person opens the link and sets a password,refused: the invitation is withdrawn and no session is issued,module,a_withdrawn_invitation_cannot_be_accepted,approved
SP-S1-09,Changing a role,an active membership holding a shipped role,the actor changes it to another role,"the role changes, every session that Staff Member holds ends, and an audit record is written, whether the role is one Ranza ships or one the Organization authored, from the roster as from the module",module,changing_a_role_ends_their_sessions; staff.spec.ts: an administrator changes somebody's role from the roster,approved
SP-S1-10,Changing to another Organization's role,a role authored by Organization B,the actor in Organization A assigns it,unrepresentable: a role reference carries the Organization and a composite foreign key proves the pair,database_constraint,a_role_from_another_organization_is_unrepresentable,approved
SP-S1-11,Revoking a membership,an active membership with two Property assignments,the actor revokes it,"the membership and both assignments become revoked, every session ends, and nothing is deleted",module,revoking_revokes_the_assignments_and_deletes_nothing,approved
SP-S1-12,Revoking the last Owner,exactly one active membership holds staff authority,the actor revokes or demotes it,refused: an Organization always has somebody who can add staff,trigger,the_last_holder_of_staff_authority_cannot_be_removed,approved
SP-S1-13,Two Owners demote each other at once,two active memberships hold staff authority and two transactions start together,both demotions commit,"exactly one succeeds and the other is refused, because the trigger locks the Organization's memberships rather than counting them",trigger,two_simultaneous_demotions_leave_one_owner,approved
SP-S1-14,Undo inside the window,a membership revoked a moment ago,the actor undoes the revoke,"the same membership row returns to active with its assignments, so the person is one thread before and after",module,undo_returns_the_same_membership,approved
SP-S1-15,Undo after the window,a membership revoked long enough ago,the actor undoes the revoke,refused: after the window it takes a fresh invitation,module,undo_is_refused_once_the_window_has_passed,approved
SP-S1-16,Re-inviting a revoked member,a membership revoked after the window closed,the actor invites them again,"the same row returns to active and a new invitation is written, because one person has one membership per Organization",module,re_inviting_reuses_the_membership_and_writes_a_new_invitation,approved
SP-S1-17,Assigning a Property of another Organization,a Property belonging to Organization B,the actor in Organization A assigns it,unrepresentable: the assignment carries organization_id and the composite foreign key proves the pair,database_constraint,an_assignment_cannot_cross_organizations,approved
SP-S1-18,Unassigning a Property,an active assignment,the actor removes it,"the assignment becomes revoked, the row stays as the record that they used to reach it, and sessions end",module,unassigning_revokes_and_ends_sessions,approved
SP-S1-19,Re-assigning a Property,an assignment revoked earlier,the actor assigns the same Property again,the same row returns to active,module,re_assigning_reuses_the_row,approved
SP-S1-20,Reading the roster,any active membership in the Organization,the Staff Member opens the screen,"they see every Staff Member of their own Organization, and none of another's",policy,the_roster_is_organization_wide_and_no_wider,approved
SP-S1-21,Does a lapsed Subscription block revoking,SP-S1-05 refuses an invite when the Subscription has lapsed,the actor revokes a compromised account while lapsed,"removing reach is never blocked by money: the commercial gates apply to invite, assign, change_role, define and edit, and not to revoke, unassign or retire. Blocking a revoke turns an unpaid invoice into a security incident.",policy,a_lapsed_subscription_still_revokes,approved
SP-S1-22,How long the undo window is,SP-S1-15 refuses an undo after a window,the actor asks how long they have,"the window is 24 hours of wall clock from revoked_at, carried in the update's own predicate so a late undo returns no row rather than raising. An Organization has no business date and ADR 0021 is about Properties, so wall clock is the only clock there is.",module,undo_is_refused_more_than_a_day_after_the_revoke,approved
SP-S1-23,Whether an invitation expires,states.mmd draws an expire transition,a pending invitation is never accepted,"an invitation expires seven days after it is written. A password-setting link that never expires is a standing credential. The membership is untouched by the expiry because it was never waiting on it, and re-inviting writes a fresh invitation against the same membership.",module,an_invitation_older_than_a_week_cannot_be_accepted,approved
SP-S1-24,Demoting yourself,the actor holds staff authority and is not the only one who does,the actor changes their own role,"allowed, and their own sessions end with everybody else's",module,an_actor_may_demote_themselves_when_they_are_not_the_last,approved
SP-S1-25,Signing in with no reach,an active membership with no assignment and no Organization-wide scope,the person signs in,"the workspace opens empty and says so, rather than looking broken",module,a_staff_member_with_no_reach_sees_an_explanation,approved
SP-S1-26,Getting the invitation to the person,no notification module exists and blueprint 5.12 specifies one,the actor invites somebody and there is no way to send an email,"the invitation link is shown to the actor who created it, to pass on by hand. Notifications (blueprint 5.12) replaces that when it exists; until then this is honest and it is one field on a screen.",module,the_invitation_link_is_shown_to_its_author,approved
SP-S1-27,Revoking withdraws the pending invitation,a membership is revoked while its invitation is still pending,the actor revokes,"the invitation becomes withdrawn in the same transaction, so a live link cannot outlive the job it was for",module,revoking_withdraws_a_pending_invitation,approved
SP-S1-28,Assigning a Property to somebody already here,an active membership with no assignment to that Property,the actor assigns it,the assignment is written active and every session that Staff Member holds ends,module,assigning_a_property_ends_their_sessions,approved
SP-S1-29,Recording that reach changed,"a command changed a membership, a role or an assignment",the transaction commits,"staff.reach_changed is published in the same transaction carrying ids and no names, so a session that should have ended cannot be lost by the handler not existing yet",module,reach_changes_publish_one_event_per_transaction,approved
SP-S2-01,The permission catalogue,a role is a named set of permissions,the gate asks whether this actor may run this command,"every command in the product is a row in public.staff_permissions and a role holds a subset of it; a permission that is not in the catalogue is refused, so a typo in a role editor is a refusal rather than a role that silently grants nothing",trigger,a_role_cannot_hold_a_permission_the_catalogue_does_not_have,approved
SP-S2-02,A command the role does not permit,the actor reaches the Property and holds a role without that permission,the actor runs the command,refused in the database beside blueprint 3.5's four gates rather than by the screen declining to draw a button,policy,a_permission_the_role_lacks_is_refused_by_the_database,approved
SP-S2-03,Reading what each role may do,any active membership,the Staff Member opens the grid,"they see every role of their Organization and the shipped ones, and none authored by another Organization",policy,the_role_grid_is_organization_wide_and_no_wider,approved
SP-S2-04,A fifth gate beside the four,ADR 0012 says a write policy carries all four of blueprint 3.5's gates,the permission gate is added,"the permission gate is a fifth condition inside the existing write policies rather than a second mechanism beside them, and ADR 0012 is amended to say so rather than contradicted by a new ADR. Amending every policy already written is part of s2 and not a later tidy-up.",policy,every_write_policy_carries_the_permission_gate,approved
SP-S3-01,May an author grant what they do not hold,the actor defines a role from the catalogue,the actor includes a permission their own role lacks,"refused: an author may only include permissions their own role holds. Otherwise defining a role is privilege escalation with extra steps. The Owner role Ranza ships holds the whole catalogue, so nothing is unreachable.",policy,a_role_cannot_grant_a_permission_its_author_lacks,approved
SP-S3-02,Retiring a role somebody holds,an Organization's own role held by three Staff Members,the actor retires it,"refused while anybody holds it. Moving people automatically decides their permissions for them silently; refusing makes the actor reassign them first, where it is visible. The same shape as the ON DELETE RESTRICT this schema uses everywhere else.",trigger,a_role_somebody_holds_cannot_be_retired,approved
SP-S3-03,Defining a role without a name,the actor opens the role editor,the actor saves with the name empty,refused: a new set of permissions is a new role and a role is named,database_constraint,a_role_without_a_name_is_unrepresentable,approved
SP-S3-04,Two roles with one name,Organization A already has a role called Night manager,the actor defines another with that name,refused: a name is unique within the Organization,database_constraint,a_role_name_is_unique_within_its_organization,approved
SP-S3-05,Editing a role Ranza ships,the actor opens a shipped role,the actor changes what it may do,refused: shipped roles arrive in a release and are the fixed reference every Organization shares,policy,a_shipped_role_cannot_be_edited,approved
SP-S3-06,Retiring a role Ranza ships,the actor opens a shipped role,the actor retires it,refused for the same reason as SP-S3-05,policy,a_shipped_role_cannot_be_retired,approved
SP-S3-07,Another Organization's role,Organization B authored a role,Organization A opens the grid,"it is absent, and absent is indistinguishable from never having existed",policy,an_authored_role_is_invisible_to_another_organization,approved
SP-S3-08,Defining a role,the actor opens the role editor with a name and a set of permissions,the actor saves,"the role is written active, owned by this Organization, and an audit record names the author",module,defining_a_role_records_its_author,approved
SP-S3-09,Changing an Organization's own role,a role this Organization authored and three Staff Members hold,the actor changes what it may do,"the role changes and the sessions of everybody holding it end, because what they may do has changed",module,editing_a_role_ends_the_sessions_of_everybody_holding_it,approved
SP-S3-10,Retiring a role nobody holds,a role this Organization authored and nobody holds,the actor retires it,"the role becomes retired and stays, because it is the record of what somebody used to be able to do",module,retiring_a_role_keeps_it,approved
SP-S3-11,Reinstating a retired role,a retired role this Organization authored,the actor reinstates it,the same role returns to active and may be held again,module,a_retired_role_can_be_reinstated,approved
SP-S4-01,Ending a session,ranza_app is granted nothing on auth_session and credentials are reached through ranza_auth by design,a reach change requires every session of that Staff Member to end,ranza_worker is granted EXECUTE on app.end_sessions_for(uuid) and no grant on any auth table: it can say end every session this Ranza user holds and nothing else. ADR 0005 is unchanged rather than amended — see ADR 0027.,module,a_reach_change_ends_every_session,approved
SP-S4-02,Every session and not only one,a Staff Member signed in on a desk terminal and a phone,the actor changes their role,"every session ends, not the one that happens to be making the request",module,a_reach_change_ends_every_session,approved
SP-S1-30,A definer that reaches public.users,app.identify_staff_user is security definer and granted to ranza_app,anything holding the runtime role calls it,"it refuses unless the caller holds staff.administer in the Organization named AND the Organization can use platform_core/staff_administration — both gates the membership INSERT applies, asked before the lookup and before the insert. A definer bypasses row-level security, so it asks what the policy would have asked. The capability is there as well as the permission because checking the permission alone leaves the same hole for a lapsed Subscription: the caller is an administrator, the policy refuses on money, and the row is written anyway. Note the invite path alone does not prove this - it runs in a transaction, so a refused INSERT rolls the row back - which is why the assertion calls the function directly",policy,somebody_without_staff_administer_is_refused_before_the_address_is_looked_up,approved
SP-S1-31,Comparing an invitation token,"staff_invitations.token_hash holds a SHA-256 of 32 random bytes, on a unique index",somebody asks for a constant-time comparison instead of =,"not done, and recorded so it is not re-opened. A perfect timing oracle on the comparison yields the stored HASH, and using it needs a preimage - which is the whole reason a token is hashed at rest. The alternative costs the unique index: a constant-time comparator has to scan every row of staff_invitations on every attempt. Real O(n) cost for a channel that leads nowhere. Reopen only if the token stops being hashed or stops being 256 bits of randomness",database_constraint,,deferred
SP-S1-32,What accepting an invitation is allowed to mean,"the membership is written active at invite (SP-S1-01), acceptance only records it (SP-S1-07), nothing reads accepted_at and no route is wired to app.accept_staff_invitation",somebody presents a token they were not sent,"harmless TODAY, and only today: acceptance grants nothing because nothing was withheld. This row is the condition. If anything ever gates on accepted_at, or acceptance is wired to a route, the caller's identity must be checked against invitation.user_id in the same change - otherwise a leaked token becomes a membership the day acceptance starts meaning something. Nothing currently checks who is calling, so the guard has to arrive with the meaning",module,,deferred
SP-S4-03,A definer that is handed a user id and asked to end their sessions,"app.end_sessions_for() is SECURITY DEFINER, deletes from public.auth_session, and is granted to ranza_worker alone — which bounds who may call it and says nothing about which user they may name. Its owner carries BYPASSRLS in both environments, so no policy stops it.",a worker calls it with a user id from an event payload,"PROPOSED. It refuses outside a worker context, because app.set_worker_context() is executable by ranza_worker and nobody else, so a caller without one did not come through the dispatcher. It then refuses a user the context's Organization has no membership row for — every status, not active, because a reach change is usually a revocation and narrowing to active would make the check inert in exactly the case it exists for. Found by IG-12's sweep when chore/insert-grants merged; neither branch's CI could see it.",database_function,ending_somebody_s_sessions_outside_a_worker_job_is_refused,proposed
SP-S1-33,A definer that accepts an invitation and asks nothing about who presented it,"app.accept_staff_invitation() is SECURITY DEFINER, writes to staff_invitations and organization_memberships, and takes only a token hash. Accepting grants nothing: the membership is written active at invite time (SP-S1-01) and acceptance only records that it happened (SP-S1-07).",a caller presents a token hash that is not theirs,"PROPOSED, and weaker than SP-S4-03 on purpose. This closes no hole — 20260916002700 already reasoned that nothing here is an authorization boundary, and that is still right. It becomes a tripwire so the IG-12 sweep can assert zero writers-without-a-check rather than keep an exception list. The rule is conditional because the flow deliberately runs with NO request context (the invitee may not be able to sign in yet, and the token is the authentication): if a context is set at all, it must be the invitee's. The no-context arm is asserted too, because a guard that refused the real path would be worse than the absence it replaced. A token matching nothing still returns no row rather than an error, so withdrawn, expired, used and never-existed stay one answer.",database_function,a_signed_in_caller_cannot_accept_an_invitation_that_is_not_theirs,proposed
SP-S1-34,Handing out a role above your own,an administrator whose role holds staff.administer but not the whole catalogue — for instance a role an Owner authored holding staff.administer alone,"they assign themselves or a colleague a role, or invite somebody with one","refused unless every permission in the role assigned is one their own role holds, whether the role is shipped or the Organization's own — the same ceiling SP-S3-01 puts on defining a role, which assigning could otherwise walk around in one step. Revoking is never refused (SP-S1-21). A demotion to a role they may not grant is refused like granting it, because a policy sees only the row as it will be; they may revoke instead",policy,staff_and_permissions.test.sql: an administrator whose role is narrower than Owner cannot make themselves Owner; staff.test.ts: refuses a holder of staff.administer alone making themselves Owner; still lets them revoke somebody whose role they could not grant,open
